{"cameraMode":{"drawMode":0,"name":"Shaded","section":"Shading Mode"},"sceneLighting":true,"audioPlay":false,"sceneViewState":{"m_AlwaysRefresh":false,"showFog":true,"showSkybox":true,"showFlares":true,"showImageEffects":true,"showParticleSystems":true,"showVisualEffectGraphs":true,"m_FxEnabled":true},"in2DMode":false,"pivot":{"x":-1.5766353607177735,"y":1.093994379043579,"z":-11.062653541564942},"rotation":{"x":-0.5605953931808472,"y":-0.03797418251633644,"z":0.025760041549801828,"w":-0.826833963394165},"size":6.1691718101501469,"orthographic":false}